Id,Text,Language,Retweets,Favorites,User
1,New iPhone 13 features are amazing! Can't wait to get my hands on it. #AppleEvent https://apple.com,English,120,85,@user123
2,Battery life of the new smartphone is disappointing. #tech #smartphone #battery https://example.com,English,55,20,@techlover
3,Tesla's new solar panels are revolutionizing renewable energy. #solarpower #environment ğŸŒ,English,90,40,@greenenergyfan
4,Planting trees is crucial for fighting climate change. Let's protect our planet together! ğŸŒ³ğŸŒ #climateaction,English,75,30,@climatewarrior
5,"Makin berkembangnya teknologi, semakin mudah kita mendapatkan informasi. #teknologi #digital https://contoh.com",Indonesian,110,80,@pengguna1
6,Penggunaan plastik perlu dikurangi agar tidak merusak lingkungan. #lingkungan #plastik #kesehatan https://contoh.com,Indonesian,65,25,@alamsehat
7,Can't wait for the new iPhone 13! #excited #tech #gadgets https://example.com,English,85,45,@gadgetlover
8,Let's all work together to save the environment! ğŸŒ¿ğŸŒ #climatechange #savetheplanet,English,70,35,@earthlover
9,"Dulu teknologi yang sangat canggih, sekarang sudah ketinggalan zaman. #teknologi #jadul https://contoh.com",Indonesian,45,15,@pencintatech
10,Sangat penting untuk menjaga kebersihan lingkungan sekitar. #lingkungan #bersih #kebersihan https://contoh.com,Indonesian,80,50,@pedulilangit
11,Ini adalah link untuk membeli produk terbaru dari Apple. https://example.com #beli #produk #Apple,Indonesian,60,30,@penikmatgadget
12,Love my new Tesla! No more worrying about gas prices. #electricvehicle #green #future ğŸš—âš¡ï¸,English,95,60,@teslafan
13,Sekarang banyak sekali teknologi yang memudahkan hidup kita sehari-hari. #teknologi #kemudahan https://contoh.com,Indonesian,75,40,@techenthusiast
14,"Perubahan iklim sangat serius, kita harus bertindak sekarang juga. #perubahaniklim #tindakan https://contoh.com",Indonesian,55,20,@planetdunia
15,Check out this amazing article about the latest advancements in AI! #AI #technology #future https://example.com,English,100,70,@AIfanatic
16,Recycling is one of the easiest ways to help the environment. Let's all do our part! â™»ï¸ğŸŒ #recycle #sustainability,English,85,45,@greenliving
17,Saya sangat menyukai gadget baru saya! #gadget #teknologi #baru https://contoh.com,Indonesian,90,55,@penggemargadget
18,Indonesia perlu memperbaiki masalah sampah plastik untuk melindungi lingkungan. #plastik #sampah #masalah https://contoh.com,Indonesian,65,25,@pedulilingkungan
19,Excited for the launch of the new iPhone! #Apple #iPhone13 #launch https://example.com,English,80,40,@techenthusiast
20,"Let's switch to renewable energy for a cleaner, brighter future! #renewables #cleanenergy ğŸŒğŸŒ¿",English,75,35,@cleanenergyadvocate
21,Penggunaan teknologi yang berlebihan bisa membahayakan lingkungan. #teknologi #bahaya https://contoh.com,Indonesian,50,15,@alamsehat
22,I'm so hyped about the new iPhone release! #iPhone #Apple #excited https://example.com,English,95,50,@iphonelover
23,Lets save the planet by reducing plastic waste! #environment #plasticpollution #savetheearth,English,80,45,@ecoactivist
24,TikTok dan Instagram adalah platform yang sangat populer di kalangan remaja. #sosialmedia #tiktok #instagram https://contoh.com,Indonesian,65,30,@sosialmediapopuler
25,Plant more trees to combat climate change! ğŸŒ³ğŸŒ #climateaction #trees #environment,English,70,40,@earthprotector
26,Saat ini teknologi semakin maju dengan pesat. #teknologi #majuberubah https://contoh.com,Indonesian,85,50,@techprogress
27,Lingkungan yang bersih sangat penting untuk kesehatan kita semua. #bersih #sehat #lingkungan https://contoh.com,Indonesian,60,25,@pedulilangit
28,Artificial intelligence is shaping the future of technology. #AI #future #technology,English,110,65,@futuretech
29,Let's all do our part in preserving nature and wildlife. ğŸŒ¿ğŸ¦‹ #nature #wildlife #conservation,English,75,35,@naturelover
30,Kita harus belajar menggunakan teknologi dengan bijak agar tidak menyebabkan masalah lingkungan. #teknologi #bijak https://contoh.com,Indonesian,50,20,@alamsehat
31,Sudah saatnya kita semua mulai menggunakan energi terbarukan. #energiterbarukan #hematenergi https://contoh.com,Indonesian,70,40,@savelingkungan
32,Excited to see the latest innovations at the upcoming tech conference! #tech #innovation #conference,English,95,55,@techenthusiast
33,Let's clean up our oceans and protect marine life! ğŸŒŠğŸ  #oceanconservation #cleanup #marinebiology,English,80,45,@oceanlover
34,Teknologi digital semakin memudahkan segala urusan kita sehari-hari. #teknologi #digital #kemudahan https://contoh.com,Indonesian,75,35,@pengguna1
35,Kita perlu lebih peduli terhadap lingkungan sekitar kita. #lingkungan #peduli #kesehatan https://contoh.com,Indonesian,60,30,@pedulilangit
36,Check out this awesome TED talk about sustainable living! #TEDtalk #sustainability #environment https://example.com,English,90,50,@sustainabilityenthusiast
37,Artificial intelligence akan mengubah cara kerja di masa depan. #AI #teknologi #masadepan https://contoh.com,Indonesian,105,60,@pencintatech
38,Let's protect our forests and biodiversity for future generations. ğŸŒ³ğŸ¦œ #forests #biodiversity #conservation,English,70,40,@naturelover
39,Sudah waktunya kita semua mengurangi penggunaan plastik sekali pakai. #plastik #pengurangan #gerakan https://contoh.com,Indonesian,75,45,@pedulilingkungan
40,Can't wait to see what advancements AI will bring in the future! #AI #future #technology,English,95,50,@AIfanatic
41,We need to take urgent action to protect our planet from the effects of climate change. ğŸŒğŸ”¥ #climatechange #urgentaction,English,80,40,@climatewarrior
42,Tingkatkan kesadaran akan pentingnya penggunaan energi terbarukan! #energiterbarukan #lingkungan #awareness https://contoh.com,Indonesian,70,35,@savelingkungan
43,Check out this cool new gadget I just got! #gadget #cool #newtech https://example.com,English,85,50,@techenthusiast
44,Let's all do our part in reducing carbon emissions! ğŸŒ¿ğŸš— #carbonfootprint #climatechange #environment,English,75,45,@ecoactivist
45,Penggunaan teknologi harus diimbangi dengan kesadaran akan dampaknya terhadap lingkungan. #teknologi #kesadaran #lingkungan https://contoh.com,Indonesian,55,25,@alamsehat
46,Saya sangat tertarik dengan inovasi-inovasi terbaru di bidang teknologi. #teknologi #inovasi #terbaru https://contoh.com,Indonesian,80,45,@pencintatech
47,"Tolong jangan buang sampah sembarangan ya, kita harus jaga kebersihan lingkungan. #sampah #lingkungan #kebersihan https://contoh.com",Indonesian,65,30,@pedulilangit
48,Excited to see how technology will continue to evolve in the coming years! #technology #evolution #future,English,100,55,@techenthusiast
49,Let's protect our oceans and marine life from pollution! ğŸŒŠğŸ³ #oceanconservation #marinepollution #cleanup,English,80,45,@oceanlover
50,Can't wait for the next iPhone release! #Apple #iPhone #excited https://example.com,English,90,45,@iphonelover
51,Let's all work together to combat climate change and save our planet! ğŸŒğŸŒ± #climateaction #environment,English,75,35,@earthadvocate
52,Penggunaan teknologi yang bijak dapat membantu menjaga lingkungan kita. #teknologi #bijak #lingkungan https://contoh.com,Indonesian,55,20,@alamsehat
53,Sustainable living is the key to a brighter future for our planet. Let's do our part! ğŸŒ¿â™»ï¸ #sustainability #environment,English,80,40,@sustainabilityenthusiast
54,Kita harus mulai mempertimbangkan beralih ke energi terbarukan untuk masa depan yang lebih baik. #energiterbarukan #lingkungan #masadepan https://contoh.com,Indonesian,70,35,@savelingkungan
55,Check out this amazing new tech gadget! It's a game-changer. #gadget #newtech #innovation https://example.com,English,85,50,@techlover
56,"Perubahan iklim adalah masalah yang sangat serius, mari kita segera bertindak! #perubahaniklim #tindakan #lingkungan https://contoh.com",Indonesian,60,25,@pedulilangit
57,Artificial intelligence is revolutionizing every aspect of our lives. #AI #revolution #technology,English,110,65,@futuretech
58,Tidak bisa menunggu untuk melihat inovasi apa yang akan dibawa teknologi di masa depan! #teknologi #inovasi #masadepan https://contoh.com,Indonesian,95,50,@pencintatech
59,"Let's all switch to electric vehicles for a cleaner, greener future! ğŸš—âš¡ï¸ #electricvehicles #cleanenergy #future",English,75,35,@cleanenergyadvocate
60,Penggunaan plastik sekali pakai harus dikurangi demi melindungi lingkungan. #plastik #pengurangan #lingkungan https://contoh.com,Indonesian,75,45,@pedulilingkungan
61,Excited for the upcoming tech expo! Can't wait to see the latest innovations. #tech #expo #innovation,English,95,55,@techenthusiast
62,Kita semua harus bertanggung jawab atas masa depan planet ini. #lingkungan #bertanggungjawab #planet https://contoh.com,Indonesian,60,30,@pedulilangit
63,Let's all do our part in reducing our carbon footprint! ğŸŒ¿ğŸŒ #carbonfootprint #reduce #environment,English,75,45,@ecoactivist
64,Sudah waktunya untuk berpikir lebih serius tentang masa depan energi kita. #energiterbarukan #masadepan #konservasi https://contoh.com,Indonesian,70,40,@savelingkungan
65,Check out this cool article about the impact of technology on our daily lives! #technology #impact #dailylife https://example.com,English,100,70,@techenthusiast
66,Lets work together to protect endangered species and their habitats. ğŸ¦ğŸŒ³ #endangeredspecies #conservation #wildlife,English,80,45,@wildlifelover
67,Kita harus lebih sadar akan dampak negatif dari penggunaan teknologi yang berlebihan. #teknologi #dampaknegatif #kesadaran https://contoh.com,Indonesian,50,20,@alamsehat
68,The future of transportation is electric! Let's make the switch. #electricvehicles #future #sustainability,English,75,35,@sustainabilityenthusiast
69,"Semakin banyak teknologi baru yang ditemukan, semakin besar tantangan lingkungan yang kita hadapi. #teknologi #tantangan #lingkungan https://contoh.com",Indonesian,55,25,@pedulilangit
70,Let's all do our part in preserving our planet for future generations. ğŸŒğŸŒ± #environment #future #preservation,English,70,40,@earthprotector
71,Penggunaan plastik perlu dihentikan sebelum terlambat. #plastik #stopplastik #gerakan https://contoh.com,Indonesian,65,30,@pedulilingkungan
72,The world needs more sustainable solutions to combat climate change. #sustainability #climatechange #environment,English,80,45,@cleanenergyadvocate
73,Mari kita semua mulai menggunakan energi terbarukan untuk masa depan yang lebih baik. #energiterbarukan #lingkungan #masadepan https://contoh.com,Indonesian,70,35,@savelingkungan
74,Excited to see how technology will continue to evolve and shape our lives! #technology #evolution #future,English,100,55,@techenthusiast
75,Kita harus menjaga keberlanjutan lingkungan agar dapat dinikmati oleh generasi mendatang. #lingkungan #keberlanjutan #generasi https://contoh.com,Indonesian,60,30,@pedulilangit
76,Let's all work together to reduce our impact on the environment. ğŸŒ¿ğŸŒ #environment #reduction #collaboration,English,75,35,@earthadvocate
77,Sudah saatnya kita semua mulai menggunakan energi terbarukan. #energiterbarukan #hematenergi #konservasi https://contoh.com,Indonesian,70,40,@savelingkungan
78,Check out this awesome new tech gadget I just got! #gadget #newtech #innovation https://example.com,English,85,50,@techenthusiast
79,Tidak ada waktu yang lebih baik untuk mulai mengurangi dampak kita pada lingkungan. #pengurangan #lingkungan #waktunyasekarang https://contoh.com,Indonesian,65,30,@pedulilangit
80,Excited to see what the future holds for technology and innovation! #future #technology #innovation,English,95,55,@techlover
81,Let's all do our part in protecting our oceans and marine life. ğŸŒŠğŸ¬ #oceans #marinelife #conservation,English,80,45,@oceanlover
82,Kita harus mempertimbangkan dampak lingkungan dari setiap tindakan kita. #lingkungan #dampak #pengambilankeputusan https://contoh.com,Indonesian,50,20,@alamsehat
83,The time for action on climate change is now! Let's make a difference. #climatechange #action #environment,English,80,40,@climatewarrior
84,Tingkatkan kesadaran akan pentingnya konservasi lingkungan sekitar kita. #konservasi #lingkungan #kesadaran https://contoh.com,Indonesian,70,35,@pedulilangit
85,Check out this amazing article about the future of renewable energy! #renewables #future #cleanenergy https://example.com,English,90,50,@cleanenergyadvocate
86,Teknologi akan terus berkembang dan mengubah cara kita hidup. #teknologi #perubahan #hidup https://contoh.com,Indonesian,105,60,@pencintatech
87,Let's all work together to protect our planet and preserve its beauty. ğŸŒğŸŒº #planetearth #conservation #environment,English,70,40,@earthlover
88,Sudah waktunya kita semua bertindak untuk melindungi lingkungan kita. #lingkungan #tindakan #melindungi https://contoh.com,Indonesian,60,30,@pedulilangit
89,Artificial intelligence is changing the way we live and work. #AI #change #technology,English,110,65,@futuretech
90,Tidak ada planet B. Kita harus menjaga planet ini dengan baik. #planet #konservasi #peduli https://contoh.com,Indonesian,65,30,@pedulilingkungan
91,Let's all do our part in reducing our carbon footprint! ğŸŒ¿ğŸŒ #carbonfootprint #reduce #environment,English,75,45,@ecoactivist
92,Saatnya kita semua bertindak untuk melindungi keanekaragaman hayati di bumi. #keanekaragamanhayati #melindungi #tindakan https://contoh.com,Indonesian,70,35,@pedulilangit
93,Technology has the power to solve some of the biggest environmental challenges we face. #technology #environment #sustainability,English,95,50,@techenthusiast
94,Mari kita semua berkontribusi dalam menjaga keberlanjutan lingkungan. #lingkungan #berkontribusi #keberlanjutan https://contoh.com,Indonesian,60,30,@pedulilangit
95,Let's all work together to protect our oceans and marine life. ğŸŒŠğŸŸ #oceanconservation #marine #conservation,English,80,45,@oceanlover
96,Using renewable energy sources is crucial for a sustainable future. Let's make the switch! #renewables #sustainability #environment,English,75,35,@cleanenergyadvocate
97,Teknologi terbaru dapat membantu kita mengatasi tantangan lingkungan yang semakin besar. #teknologi #lingkungan #perubahaniklim https://contoh.com,Indonesian,55,20,@alamsehat
98,The advancements in technology are revolutionizing the way we live and work. #technology #innovation #future,English,110,65,@futuretech
99,Kita perlu lebih peduli dengan dampak lingkungan dari setiap produk teknologi yang kita gunakan. #lingkungan #peduli #teknologi https://contoh.com,Indonesian,50,15,@alamsehat
100,"Let's all work together to create a greener, more sustainable future for generations to come. ğŸŒ±ğŸŒ #sustainability #greenfuture #environment",English,70,40,@earthprotector
101,Ini link untuk beli produk terbaru dari Apple. #beli #produk #Apple https://example.com,Indonesian,60,30,@penggemargadget
102,Artificial intelligence has the potential to revolutionize various industries. #AI #technology #revolution,English,110,65,@futuretech
103,"Dampak dari teknologi terhadap lingkungan semakin besar, kita harus bertindak sekarang juga. #teknologi #dampak #tindakan https://contoh.com",Indonesian,55,20,@alamsehat
104,Switching to electric vehicles is one of the best ways to reduce carbon emissions. ğŸš—âš¡ï¸ #electricvehicles #carbonfootprint #environment,English,75,35,@cleanenergyadvocate
105,Penggunaan teknologi harus dilakukan dengan bijak untuk mencegah kerusakan lingkungan yang lebih lanjut. #teknologi #bijak #lingkungan https://contoh.com,Indonesian,50,15,@alamsehat
106,Check out this amazing article about the latest advancements in renewable energy! #renewables #energy #innovation https://example.com,English,90,50,@cleanenergyenthusiast
107,Kita harus mulai mengambil langkah-langkah konkret untuk melindungi lingkungan kita. #langkah #lingkungan #perlindungan https://contoh.com,Indonesian,60,25,@pedulilangit
108,Excited to see what new tech gadgets will be unveiled at the upcoming expo! #tech #gadgets #expo,English,95,55,@techenthusiast
109,Memilih produk teknologi yang ramah lingkungan adalah salah satu langkah kecil yang dapat kita ambil. #teknologi #ramahlingkungan https://contoh.com,Indonesian,55,20,@alamsehat
110,The future of transportation is electric! Let's make the switch. #electricvehicles #future #sustainability,English,75,35,@cleanenergyadvocate
111,Teknologi digital telah membawa banyak kemajuan dalam berbagai aspek kehidupan kita. #teknologi #digital #kemajuan https://contoh.com,Indonesian,75,40,@pengguna1
112,"Protecting our environment is not just an option, it's a responsibility we all share. #environment #responsibility #protection",English,80,40,@earthlover
113,TikTok dan Instagram adalah contoh platform sosial media yang sangat populer saat ini. #sosialmedia #populer https://contoh.com,Indonesian,65,30,@sosialmediapopuler
114,Let's all do our part in preserving nature and wildlife. ğŸŒ¿ğŸ¦‹ #nature #wildlife #conservation,English,75,35,@naturelover
115,"Teknologi tidak hanya membawa manfaat, tetapi juga membawa dampak lingkungan yang serius. #teknologi #dampak #lingkungan https://contoh.com",Indonesian,50,15,@alamsehat
116,Recycling is one of the easiest ways to help the environment. Let's all do our part! â™»ï¸ğŸŒ #recycle #sustainability,English,85,45,@greenliving
117,Perubahan iklim adalah masalah serius yang harus segera kita hadapi bersama. #perubahaniklim #tindakan #lingkungan https://contoh.com,Indonesian,55,20,@pedulilangit
118,"The use of technology has greatly improved our quality of life, but it's important to consider its environmental impact. #technology #environment #impact",English,80,40,@earthlover
119,"Semakin banyak teknologi yang diciptakan, semakin besar pula tantangan lingkungan yang kita hadapi. #teknologi #tantangan #lingkungan https://contoh.com",Indonesian,55,25,@pedulilangit
120,Excited to see the latest innovations in renewable energy at the upcoming conference! #renewables #energy #innovation,English,95,60,@cleanenergyenthusiast
121,"Kita perlu memilih teknologi yang dapat membantu kita mengatasi masalah lingkungan, bukan membuatnya bertambah buruk. #teknologi #lingkungan #pemilihan https://contoh.com",Indonesian,50,15,@alamsehat
122,Let's all work together to protect our oceans and marine life from pollution! ğŸŒŠğŸ  #oceanconservation #cleanup #marinebiology,English,80,45,@oceanlover
123,Perubahan iklim memerlukan tindakan segera. Mari kita mulai dari diri sendiri. #perubahaniklim #tindakan #dirisendiri https://contoh.com,Indonesian,55,20,@pedulilangit
124,The use of technology should be balanced with awareness of its impact on the environment. #technology #awareness #environment,English,80,40,@earthlover
125,Kita harus mengambil tindakan sekarang untuk melindungi lingkungan kita. #lingkungan #tindakan #perlindungan https://contoh.com,Indonesian,60,25,@pedulilangit
126,Technology has the potential to solve many of the environmental challenges we face today. #technology #environment #sustainability,English,95,50,@cleanenergyenthusiast
127,Dampak negatif dari penggunaan teknologi yang tidak bijak dapat merusak lingkungan kita. #teknologi #dampaknegatif #lingkungan https://contoh.com,Indonesian,50,15,@alamsehat
128,Let's all work together to reduce our carbon footprint and protect our planet. ğŸŒ¿ğŸŒ #carbonfootprint #environment #protection,English,75,35,@earthadvocate
129,Kita harus berpikir lebih serius tentang masa depan energi kita. #energiterbarukan #masadepan #konservasi https://contoh.com,Indonesian,70,40,@savelingkungan
130,Excited to see the latest advancements in technology at the upcoming tech fair! #technology #innovation #fair,English,95,55,@techenthusiast
131,Tingkatkan kesadaran akan pentingnya penggunaan teknologi yang ramah lingkungan. #teknologi #ramahlingkungan #kesadaran https://contoh.com,Indonesian,70,35,@savelingkungan
132,Check out this awesome TED talk about sustainable living! #TEDtalk #sustainability #environment https://example.com,English,90,50,@sustainabilityenthusiast
133,Teknologi akan terus berkembang dan mengubah cara kerja kita di masa depan. #teknologi #perubahan #masadepan https://contoh.com,Indonesian,105,60,@pencintatech
134,Let's protect our forests and biodiversity for future generations. ğŸŒ³ğŸ¦œ #forests #biodiversity #conservation,English,70,40,@naturelover
135,Sudah waktunya kita mulai berpikir lebih serius tentang cara menggunakan teknologi secara bijak. #teknologi #bijak #penggunaan https://contoh.com,Indonesian,80,45,@pengguna1
136,We need to take urgent action to protect our planet from the effects of climate change. ğŸŒğŸ”¥ #climatechange #urgentaction,English,80,40,@climatewarrior
137,Kita harus belajar menggunakan teknologi dengan bijak agar tidak menyebabkan masalah lingkungan. #teknologi #bijak https://contoh.com,Indonesian,50,15,@alamsehat
138,Tingkatkan kesadaran akan pentingnya konservasi lingkungan sekitar kita. #konservasi #lingkungan #kesadaran https://contoh.com,Indonesian,70,35,@pedulilangit
139,Check out this cool new gadget I just got! #gadget #cool #newtech https://example.com,English,85,50,@techenthusiast
140,Let's all do our part in reducing carbon emissions! ğŸŒ¿ğŸš— #carbonfootprint #climatechange #environment,English,75,45,@ecoactivist
141,Penggunaan teknologi harus diimbangi dengan kesadaran akan dampaknya terhadap lingkungan. #teknologi #kesadaran #lingkungan https://contoh.com,Indonesian,55,25,@alamsehat
142,Saya sangat tertarik dengan inovasi-inovasi terbaru di bidang teknologi. #teknologi #inovasi #terbaru https://contoh.com,Indonesian,80,45,@pencintatech
143,"Tolong jangan buang sampah sembarangan ya, kita harus jaga kebersihan lingkungan. #sampah #lingkungan #kebersihan https://contoh.com",Indonesian,65,30,@pedulilangit
144,Excited to see how technology will continue to evolve in the coming years! #technology #evolution #future,English,100,55,@techenthusiast
145,Let's protect our oceans and marine life from pollution! ğŸŒŠğŸ³ #oceanconservation #marinepollution #cleanup,English,80,45,@oceanlover
146,Kita perlu belajar menggunakan teknologi dengan bijak agar tidakk menyebabkan masalah lingkungan. #teknologi #bijak https://contoh.com,Indonesian,55,25,@alamsehat
147,AI is revolutionizing every aspect of our lives. It's amazing how far we've come! #AI #revolution #technology,English,110,65,@futuretech
148,Let's all work together to protect our ocean and marine life from pollution! ???? #oceanconservation #marinepollution #cleanup,English,80,45,@oceanlover
149,The advancements in technology are revolutionizing the way we live and work. #technology #innovation #future,English,110,65,@futuretech
150,TikTok and IG are examples of highly popular social media platforms right now. #socialmedia #popular,Indonesian,65,30,@sosialmediapopuler
151,"Dampak dari teknologi terhadap lingkungan semakin besar, kita harus bertindak sekarang juga. #teknologi #dmpak #tindakan https://contoh.com",Indonesian,55,20,@alamsehat
152,Check out this amazing article about the latest advancements in renewable energy! #renewables #energy #innovation,English,90,50,@cleanenergyenthusiast
153,The use of technology should be balanced with awareness of its impact on the environment. #technology #awareness #environment,English,80,40,@earthlover
154,Recycling is one of the easy ways to help the environment. Let's all do our part! ???? #recycle #sustainability,English,85,45,@greenliving
155,"The use of technology has greatly improved our quality of life, but it's important to consider its environmental impact. #technology #environment #impact",English,80,40,@earthlover
156,Artificial intelligence has the potential to revolutionize various industries. #AI #technology #revolution,English,110,65,@futuretech
157,Kita perlu belajar menggunakan teknologi dengan bijak untuk mencegah kerusakan lingkungan yang lebih lanjut. #teknologi #bijak #lingkungan https://contoh.com,Indonesian,50,15,@alamsehat
158,Tingkatkan kesadaran akan pentingnya konservasi lingkungan sekitar kita. #konservasi #lingkungan #kesadaran https://contoh.com,Indonesian,70,35,@pedulilangit
159,Let's protect our forests and biodiversity for future generations. ???? #forests #biodiversity #conservation,English,70,40,@naturelover
160,Sudah waktunya kita mulai berpikir lebih serius tentang cara menggunakan teknologi secara bijak. #teknologi #bijak #penggunaan https://contoh.com,Indonesian,80,45,@pengguna1
161,The time for action on climate change is now! Let's make a difference. #climatechange #action #environment,English,80,40,@climatewarrior
162,Kita perlu mempertimbangkan dampak lingkungan dari setiap tindakan kita. #lingkungan #dampak #pengambilankeputusan https://contoh.com,Indonesian,50,20,@alamsehat
163,Check out this awesome TED talk about sustainable living! #TEDtalk #sustainability #environment https://example.com,English,90,50,@sustainabilityenthusiast
164,Saya sangat tertarik dengan inovasi-inovasi terbaru di bidang teknologi. #teknologi #inovasi #terbaru https://contoh.com,Indonesian,80,45,@pencintatech
165,The future of transportation is electric! Let's make the switch. #electricvehicles #future #sustainability,English,75,35,@cleanenergyadvocate
166,Tingkatkan kesadaran akan pentingnya penggunaan teknologi yang ramah lingkungan. #teknologi #ramahlingkungan #kesadaran https://contoh.com,Indonesian,70,35,@savelingkungan
167,Excited to see the latest advancements in tech at the upcoming tech fair! #technology #innovation #fair,English,95,55,@techenthusiast
168,Let's all work together to protect our oceans and marine life from plution! ğŸŒŠğŸ  #oceanconservation #cleanup #marinebiology,English,80,45,@oceanlover
169,Kita harus mempertimbangkan dampak lingkungan dari setiap tindakan kita dalam menggunakan teknologi modern. #lingkungan #teknologi #dampak https://contoh.com,Indonesian,60,25,@pedulilangit
170,The integration of artificial intelligence into our daily lives has led to significant advancements in various sectors. #AI #technology #advancements,English,110,65,@futuretech
171,"Ketika kita menggunakan teknologi, kita juga harus menyadari konsekuensi lingkungan yang mungkin timbul darinya. #teknologi #lingkungan #konsekuensi https://contoh.com",Indonesian,55,20,@alamsehat
172,Ensuring the sustainability of our planet requires a collective effort to adopt eco-friendly technologies and practices. ğŸŒâ™»ï¸ #sustainability #environment #eco-friendly,English,70,40,@earthadvocate
173,"Dengan adanya teknologi baru, kita memiliki kesempatan untuk menciptakan solusi yang lebih efektif dalam menjaga lingkungan hidup. #teknologi #solusi #lingkungan https://contoh.com",Indonesian,75,40,@savelingkungan
174,Examining the intersection of technology and environmental conservation reveals promising opportunities for innovation and progress. #technology #environment #conservation,English,95,50,@techenthusiast
175,"Meskipun teknologi telah membawa banyak manfaat, kita tidak boleh mengabaikan dampak negatifnya terhadap lingkungan. #teknologi #dampaknegatif #lingkungan https://contoh.com",Indonesian,50,15,@alamsehat
176,"The complexity of climate change necessitates a multifaceted approach, wherein technology plays a pivotal role in mitigation and adaptation strategies. #climatechange #technology #mitigation",English,80,40,@climatewarrior
177,"Seiring dengan perkembangan teknologi, kita harus memastikan bahwa penggunaannya tidak merugikan lingkungan hidup kita. #teknologi #lingkungan #perkembangan https://contoh.com",Indonesian,55,25,@pedulilangit
178,The intricacies of sustainable development demand innovative solutions that leverage the power of technology while preserving environmental integrity. #sustainabledevelopment #innovation #environment,English,90,50,@sustainabilityenthusiast
179,"Melalui pemanfaatan teknologi yang cerdas, kita dapat mengurangi jejak karbon dan menggerakkan transformasi menuju masyarakat yang lebih berkelanjutan. #teknologi #jejakkarbon #masyarakatberkelanjutan https://contoh.com",Indonesian,60,30,@savelingkungan
180,The convergence of digitalization and environmental consciousness presents new avenues for sustainable growth and ecological stewardship. #digitalization #environment #sustainability,English,105,60,@futuretech
181,"Dalam menghadapi perubahan iklim, kita perlu memanfaatkan potensi teknologi untuk menciptakan solusi yang adaptif dan berkelanjutan. #perubahaniklim #teknologi #solusi https://contoh.com",Indonesian,55,20,@alamsehat
182,Technological innovation holds the key to addressing pressing environmental challenges and fostering a more resilient society. #innovation #environment #resilience,English,95,50,@cleanenergyenthusiast
183,Kita harus berkolaborasi dalam mengembangkan teknologi yang ramah lingkungan demi mencapai tujuan pembangunan berkelanjutan. #teknologi #ramahlingkungan #pembangunanberkelanjutan https://contoh.com,Indonesian,65,30,@pedulilingkungan
184,The interplay between technology and environmental conservation underscores the importance of responsible innovation and green practices. #technology #environment #conservation,English,80,45,@cleanenergyadvocate
185,Keberlanjutan ekonomi dan lingkungan dapat diwujudkan melalui penggunaan teknologi yang efisien dan terkini. #keberlanjutan #teknologi #lingkungan https://contoh.com,Indonesian,60,25,@alamsehat
186,Embracing technological advancements while minimizing environmental degradation necessitates a holistic approach to sustainable development. #technology #environment #sustainabledevelopment,English,100,55,@techenthusiast
187,"Dalam menghadapi tantangan lingkungan, teknologi dapat menjadi alat yang efektif untuk mengembangkan solusi yang inovatif dan adaptif. #teknologi #solusi #lingkungan https://contoh.com",Indonesian,55,20,@pedulilangit
188,The adoption of renewable energy technologies is imperative for achieving our climate goals and securing a sustainable future. #renewableenergy #technology #climate,English,90,50,@cleanenergyenthusiast
189,Kita harus terus mendorong inovasi di bidang teknologi untuk mengatasi masalah lingkungan yang semakin kompleks. #teknologi #inovasi #lingkungan https://contoh.com,Indonesian,85,45,@pencintatech
190,The intersection of technology and environmental stewardship offers promising solutions to mitigate ecological degradation and promote sustainability. #technology #environment #sustainability,English,95,50,@earthprotector
191,"Melalui kolaborasi antara ilmu pengetahuan dan teknologi, kita dapat merancang solusi yang lebih efektif dalam menjaga lingkungan hidup. #ilmupengetahuan #teknologi #solusi https://contoh.com",Indonesian,65,30,@pedulilangit
192,Technological innovations have the potential to revolutionize environmental conservation efforts and address global challenges. #technology #innovation #conservation,English,100,55,@futuretech
193,Kita perlu berpikir jauh ke depan dalam mengembangkan teknologi yang berkelanjutan untuk menjaga keseimbangan ekosistem global. #teknologi #berkelanjutan #ekosistem https://contoh.com,Indonesian,70,35,@savelingkungan
194,The intricate relationship between technology and environmental sustainability underscores the need for conscientious decision-making and policy interventions. #technology #environment #sustainability,English,90,50,@cleanenergyadvocate
195,Pemanfaatan teknologi dalam menjaga keberlanjutan sumber daya alam menjadi kunci dalam mengatasi tantangan lingkungan masa depan. #teknologi #keberlanjutan #lingkungan https://contoh.com,Indonesian,65,30,@alamsehat
196,Technology-driven solutions hold the promise of addressing complex environmental issues and fostering a greener future for all. #technology #environment #greenerfuture,English,95,50,@earthlover
197,Kita harus memanfaatkan potensi teknologi untuk menciptakan inovasi yang dapat membantu menjaga keberlangsungan lingkungan hidup. #teknologi #inovasi #lingkungan https://contoh.com,Indonesian,60,25,@pedulilangit
198,Efforts to combat climate change require collaborative endeavors that harness the power of technology and scientific knowledge. #climatechange #technology #collaboration,English,80,45,@climatewarrior
199,Penggunaan teknologi yang bertanggung jawab akan membantu kita mencapai tujuan pembangunan berkelanjutan secara efektif. #teknologi #bertanggungjawab #pembangunanberkelanjutan https://contoh.com,Indonesian,70,35,@savelingkungan
200,The dynamic interplay between technology and environmental dynamics necessitates adaptive strategies and innovative solutions. #technology #environment #adaptation,English,105,60,@techenthusiast
201,Teknologi dapat menjadi alat yang sangat berguna dalam memantau dan mengelola sumber daya alam secara efisien dan berkelanjutan. #teknologi #sumberdayaalam #berkelanjutan https://contoh.com,Indonesian,65,30,@alamsehat
202,Innovation in technology is essential for addressing the diverse and evolving challenges of environmental sustainability. #innovation #technology #sustainability,English,95,50,@futuretech
203,Kita perlu mempertimbangkan konsekuensi jangka panjang dari penggunaan teknologi terhadap lingkungan hidup kita. #teknologi #lingkungan #konsekuensi https://contoh.com,Indonesian,60,25,@pedulilangit
204,The symbiotic relationship between technological progress and environmental preservation underscores the importance of responsible innovation. #technology #environment #preservation,English,90,50,@earthprotector
205,"Dalam menghadapi perubahan iklim, teknologi dapat berperan sebagai katalis untuk mendorong transformasi menuju masyarakat yang lebih berkelanjutan. #teknologi #perubahaniklim #transformasi https://contoh.com",Indonesian,70,35,@savelingkungan
206,Ensuring the compatibility of technological advancement with ecological integrity is essential for fostering sustainable development. #technology #ecology #sustainabledevelopment,English,100,55,@techenthusiast
207,Kita harus berkolaborasi dalam mengembangkan teknologi yang ramah lingkungan untuk mengatasi tantangan lingkungan yang semakin kompleks. #teknologi #ramahlingkungan #tantangan https://contoh.com,Indonesian,70,35,@pedulilangit
208,The intricate nexus between technology and environmental conservation necessitates interdisciplinary approaches and holistic solutions. #technology #environment #conservation,English,95,50,@cleanenergyenthusiast
209,Pengembangan teknologi yang berkelanjutan akan menjadi kunci bagi pencapaian tujuan pembangunan berkelanjutan di masa depan. #teknologi #berkelanjutan #pembangunanberkelanjutan https://contoh.com,Indonesian,75,40,@savelingkungan
210,Technological innovation has the potential to drive transformative change and promote environmental sustainability on a global scale. #technology #innovation #sustainability,English,110,65,@futuretech
211,"Melalui penerapan teknologi yang cerdas, kita dapat menciptakan solusi yang efektif untuk mengatasi tantangan lingkungan yang kompleks. #teknologi #solusi #lingkungan https://contoh.com",Indonesian,75,40,@pedulilangit
212,The intricate interplay between technological advancements and environmental conservation underscores the need for collaborative action and responsible innovation. #technology #environment #collaboration,English,100,55,@cleanenergyadvocate
213,Kita harus memanfaatkan teknologi dengan bijak untuk mengatasi tantangan lingkungan yang semakin kompleks di era modern ini. #teknologi #bijak #tantangan https://contoh.com,Indonesian,70,35,@savelingkungan
214,Advancements in renewable energy technology are crucial for mitigating the effects of climate change and transitioning to a sustainable energy future. #renewableenergy #technology #climatechange,English,90,55,@cleanenergyadvocate
215,Pemanfaatan teknologi hijau dalam sektor transportasi dapat membantu mengurangi emisi gas rumah kaca dan memperbaiki kualitas udara di perkotaan. #teknologihijau #transportasi #emisigasrumahkaca,Indonesian,70,40,@lingkunganhijau
216,"Artificial intelligence algorithms can analyze large datasets to identify patterns and trends, providing valuable insights for environmental monitoring and resource management. #artificialintelligence #environment #datanalysis",English,105,60,@techsavvy
217,"Melalui inovasi teknologi, penggunaan sumber daya alam dapat dioptimalkan sehingga mengurangi jejak ekologis dan meningkatkan efisiensi ekonomi. #inovasiteknologi #sumberdayaalam #efisiensiekonomi",Indonesian,80,45,@teknologiinovatif
218,Efforts to develop sustainable agricultural technology are essential for increasing food production while minimizing environmental degradation and preserving biodiversity. #sustainableagriculture #technology #biodiversity,English,95,50,@greentechenthusiast
219,Kita perlu memanfaatkan potensi teknologi blockchain untuk meningkatkan transparansi dan akuntabilitas dalam pengelolaan sumber daya alam dan mengurangi praktik ilegal seperti deforestasi. #teknologiblockchain #transparansi #deforestasi,Indonesian,70,35,@blockchainenthusiast
220,"The convergence of biotechnology and environmental science holds promise for developing innovative solutions to pollution remediation, waste management, and sustainable agriculture. #biotechnology #environmentalscience #innovation",English,110,65,@biotechexpert
221,Perkembangan teknologi energi terbarukan seperti panel surya dan turbin angin membuka peluang baru untuk memperluas akses terhadap energi bersih dan terjangkau di seluruh dunia. #teknologienergiterbarukan #energibersih #aksesterhadapenergi,Indonesian,85,50,@energiterbarukan
222,"Carbon capture and storage technology plays a vital role in reducing greenhouse gas emissions from industrial processes and power generation, contributing to global efforts to combat climate change. #carboncapture #greenhousegasemissions #climatechange",English,100,55,@carbonneutral
223,Kita perlu meningkatkan literasi teknologi masyarakat untuk mempromosikan penggunaan teknologi yang berkelanjutan dan mengurangi kesenjangan digital di komunitas yang rentan. #literasiteknologi #teknologiberkelanjutan #kesenjangandigital,Indonesian,75,40,@literasidigital
224,"The development of smart cities leverages cutting-edge technologies such as IoT sensors, AI analytics, and renewable energy systems to optimize urban infrastructure and enhance environmental sustainability. #smartcities #IoT #renewableenergy",English,105,60,@smartcityexpert
225,"Teknologi konservasi air seperti sistem pengairan tetes dan sensor kelembaban tanah dapat membantu petani meningkatkan efisiensi penggunaan air, mengurangi kekeringan, dan meminimalkan dampak lingkungan. #teknologikonservasiair #efisiensiair #pengelolaanair",Indonesian,80,45,@teknologipetani
226,"Emerging technologies such as 3D printing offer innovative solutions for sustainable manufacturing by reducing material waste, energy consumption, and carbon emissions throughout the production process. #3Dprinting #sustainablemanufacturing #innovation",English,110,65,@sustainabilityenthusiast
227,"Kombinasi teknologi hijau dan desain arsitektur pasif dapat menciptakan bangunan yang ramah lingkungan, hemat energi, dan berkontribusi pada pengurangan jejak karbon di perkotaan. #teknologihijau #arsitekturpasif #bangunanramahlingkungan",Indonesian,85,50,@arsitekturberkelanjutan
228,"Advancements in genetic engineering hold promise for developing crops with enhanced resilience to climate change impacts, such as drought, pests, and diseases, thereby ensuring food security and agricultural sustainability. #geneticengineering #cropresilience #foodsecurity",English,105,60,@geneticistexpert
229,Teknologi energi pasang surut dan energi gelombang laut merupakan sumber energi terbarukan yang potensial untuk memenuhi kebutuhan listrik global dan mengurangi ketergantungan pada bahan bakar fosil. #energipasangsurut #energigelombanglaut #energiterbarukan,Indonesian,90,55,@energiterbarukan
230,The adoption of circular economy principles and renewable energy technologies is imperative for achieving carbon neutrality and mitigating the impacts of climate change on a global scale. #circulareconomy #renewableenergy #carbonneutrality,English,110,65,@circulareconomyadvocate
231,"Inovasi dalam teknologi pengolahan limbah organik dapat menghasilkan biogas sebagai sumber energi alternatif yang ramah lingkungan, mengurangi polusi udara dan emisi gas rumah kaca dari pembakaran sampah. #teknologilimbahorganik #biogas #energialternatif",Indonesian,90,55,@teknologilimbah
232,"Smart grid technology enables the integration of renewable energy sources and facilitates efficient energy distribution, contributing to grid stability, energy reliability, and carbon emissions reduction. #smartgrid #renewableenergy #energydistribution",English,110,65,@smartgridexpert
233,"Perkembangan teknologi AI dan analisis big data memungkinkan identifikasi pola perilaku konsumen yang dapat digunakan untuk mendorong kesadaran lingkungan, promosi produk ramah lingkungan, dan pengembangan kebijakan berkelanjutan. #teknologiAI #bigdata #kesadaranlingkungan",Indonesian,95,50,@kecerdasanbuatan
234,"The integration of renewable energy systems with energy storage technologies such as batteries and hydrogen fuel cells facilitates grid flexibility, enhances energy reliability, and supports the transition to a low-carbon economy. #renewableenergy #energystorage #lowcarbon",English,110,65,@cleanenergyenthusiast
235,"Penerapan teknologi IoT dalam pertanian presisi memungkinkan pemantauan kondisi tanah, tanaman, dan cuaca secara real-time, sehingga membantu petani meningkatkan produktivitas, mengoptimalkan penggunaan sumber daya, dan mengurangi dampak lingkungan. #IoT #pertanianpresisi #monitoringtanaman",Indonesian,90,55,@agritechexpert
236,"Climate-smart agriculture practices leverage digital technologies, precision farming techniques, and climate data analytics to enhance agricultural productivity, resilience, and sustainability in the face of climate change challenges. #climatesmartagriculture #digitalfarming #climateanalytics",English,110,65,@climateagritech
237,"Inovasi dalam teknologi energi matahari terus meningkatkan efisiensi panel surya dan mengurangi biaya implementasi, sehingga mempercepat adopsi energi surya di seluruh dunia untuk mengurangi emisi karbon dan memitigasi perubahan iklim. #teknologienergisurya #panelsurya #adopsienergisurya",Indonesian,90,55,@energimatahari
238,"The development of electric vehicle infrastructure, coupled with advancements in battery technology and renewable energy integration, plays a crucial role in accelerating the transition to a low-carbon transportation system and reducing reliance on fossil fuels. #electricvehicle #batterysystems #renewableintegration",English,110,65,@evexpert
239,"Teknologi penangkapan karbon dan pengolahan limbah karbon dioksida dapat membantu mengurangi emisi gas rumah kaca dari industri, pembangkit listrik, dan proses produksi, sehingga memberikan kontribusi signifikan dalam upaya mitigasi perubahan iklim global. #teknologipenangkapankarbon #pengolahankarbondioksida #emisigasrumahkaca",Indonesian,95,50,@karbonnetral
240,"Urban planning strategies incorporating green infrastructure and sustainable transportation solutions are essential for creating resilient cities that can withstand environmental challenges such as flooding, heatwaves, and air pollution. #urbanplanning #greeninfrastructure #sustainabletransportation",English,110,65,@urbanplanningexpert
241,"Teknologi pengolahan air bersih dan sistem manajemen air cerdas dapat meningkatkan akses terhadap air bersih, mengurangi risiko kekurangan air, dan mendukung keberlanjutan lingkungan dalam menghadapi perubahan iklim global dan urbanisasi yang cepat. #teknologipengolahanair #manajemenaircerdas #aksesterhadapair",Indonesian,90,55,@airqualityexpert
242,"The development of sustainable packaging materials and circular economy initiatives is critical for reducing plastic pollution, conserving resources, and promoting a circular economy model that minimizes waste and maximizes resource efficiency. #sustainablepackaging #circulareconomy #plasticpollution",English,110,65,@sustainablepackagingadvocate
243,"Inovasi dalam teknologi efisiensi energi, seperti smart appliances dan building automation systems, dapat membantu mengurangi konsumsi energi, biaya operasional, dan emisi karbon dalam sektor perumahan dan komersial. #teknologienergi #smartappliances #efisiensienergi",Indonesian,95,50,@energihijau
244,"Green building technologies and sustainable architecture practices prioritize energy efficiency, indoor air quality, and environmental performance to create healthy, resource-efficient buildings that minimize environmental impact and enhance occupant comfort and well-being. #greenbuilding #sustainablearchitecture #energyefficiency",English,110,65,@greenbuildingexpert
245,"Penerapan teknologi pengelolaan limbah padat, seperti daur ulang dan pengomposan, dapat mengurangi volume sampah yang dikirim ke tempat pembuangan akhir, mengurangi pencemaran lingkungan, dan mendukung sirkularitas ekonomi yang berkelanjutan. #teknologilimbahpadat #daurulang #pengomposan",Indonesian,90,55,@teknologilimbah
246,"The deployment of smart metering systems and demand response technologies enables efficient energy consumption, peak load management, and grid stability, contributing to energy reliability and sustainability. #smartmetering #demandresponse #gridstability",English,110,65,@energysavingexpert
247,"Teknologi penanaman hutan dan pemulihan lahan terdegradasi dapat membantu mengurangi deforestasi, mengembalikan ekosistem yang rusak, dan meningkatkan cadangan karbon hutan sebagai langkah adaptasi dan mitigasi perubahan iklim. #teknologipenanamanhutan #pemulihanlahan #deforestasi",Indonesian,95,50,@restorasihutan
248,"The development of biodegradable materials and eco-friendly manufacturing processes is crucial for reducing environmental pollution, conserving natural resources, and transitioning towards a more sustainable and circular economy. #biodegradablematerials #ecofriendlymanufacturing #environmentalconservation",English,110,65,@biodegradableexpert
249,"Pengembangan teknologi desalinasi air laut dan pengolahan air terbuang dapat meningkatkan ketersediaan air bersih bagi populasi yang mengalami kekurangan air, mendukung pertanian berkelanjutan, dan mengurangi tekanan terhadap sumber daya air alami. #teknologidesalinasi #pengolahanairlaut #airbersih",Indonesian,90,55,@teknologipengolahanair
250,"The utilization of satellite imaging technology and remote sensing data facilitates monitoring and assessment of environmental changes, natural disasters, and ecosystem health, enabling informed decision-making and timely response efforts. #satelliteimaging #remotesensing #environmentalmonitoring",English,110,65,@satelliteexpert
251,"Inovasi dalam teknologi biomimikri memungkinkan pengembangan produk dan sistem yang terinspirasi dari alam, sehingga dapat mengurangi dampak lingkungan dan meningkatkan keberlanjutan dalam berbagai sektor industri, termasuk konstruksi, transportasi, dan energi. #teknologibiomimikri #produkberkelanjutan #inspirasialam",Indonesian,95,50,@teknologibumi
252,"Energy-efficient lighting technologies, such as LED and smart lighting systems, contribute to energy savings, carbon emissions reduction, and enhanced visual comfort in residential, commercial, and urban environments. #energyefficientlighting #LED #smartlighting",English,110,65,@lightingexpert
253,"Teknologi konservasi tanah dan air, seperti agroforestry dan pengendalian erosi, dapat meningkatkan produktivitas pertanian, memperbaiki kualitas tanah, dan mengurangi dampak negatif pertanian terhadap lingkungan, seperti degradasi tanah dan pencemaran air. #teknologikonservasitanah #agroforestry #pengendalianerosi",Indonesian,90,55,@pertanianberkelanjutan
254,"The integration of renewable energy microgrids with energy storage solutions and grid management systems enhances energy resilience, reliability, and self-sufficiency, particularly in remote and off-grid communities. #renewableenergymicrogrids #energystorage #energyresilience",English,110,65,@microgridexpert
255,"Teknologi pengolahan limbah cair, seperti pengendalian pencemaran industri dan pengolahan air limbah perkotaan, dapat membantu meminimalkan dampak negatif industri terhadap lingkungan air, kesehatan masyarakat, dan keberlanjutan lingkungan. #teknologipengolahanlimbah #pencemaranindustri #airlimbah",Indonesian,95,50,@teknologilingkungan
256,"The implementation of green transportation initiatives, including electric vehicles, public transit systems, and cycling infrastructure, promotes sustainable urban mobility, reduces traffic congestion, and mitigates air pollution and greenhouse gas emissions. #greentransportation #electricvehicles #sustainablemobility",English,110,65,@greentransportationadvocate
257,"Inovasi dalam teknologi energi angin, seperti turbin angin offshore dan sistem penyimpanan energi, dapat meningkatkan kapasitas instalasi energi angin, mengurangi biaya produksi, dan mendukung transisi energi global ke sumber daya terbarukan. #teknologienergiangin #turbinanginoffshore #penyimpananenergi",Indonesian,90,55,@energiterbarukan
258,"The adoption of sustainable farming practices, such as agroecology and organic farming, fosters biodiversity conservation, soil health improvement, and resilience to climate variability, contributing to food security and agricultural sustainability. #sustainablefarming #agroecology #organicfarming",English,110,65,@sustainablefarmingexpert
259,"Pengembangan teknologi efisiensi energi bangunan, seperti bahan isolasi berkelanjutan dan sistem manajemen energi pintar, dapat membantu mengurangi konsumsi energi bangunan, biaya operasional, dan jejak karbon, serta meningkatkan kenyamanan termal dan kualitas udara dalam ruangan. #teknologienergibangunan #isolasiberkelanjutan #manajemenenergi",Indonesian,95,50,@arsitekturhijau
260,"The convergence of green finance mechanisms and financial technology platforms facilitates investment in renewable energy projects, sustainable infrastructure, and climate adaptation initiatives, driving the transition to a low-carbon economy and enhancing climate resilience. #greenfinance #fintech #renewableenergyinvestment",English,110,65,@greenfinanceexpert
261,"Pemanfaatan teknologi blockchain dalam rantai pasokan pangan dapat meningkatkan transparansi, traceability, dan keamanan pangan, sehingga mengurangi risiko kecurangan, pemalsuan, dan kejadian krisis kesehatan masyarakat. #teknologiblockchain #rantaiapasokanpangan #transparansi",Indonesian,90,55,@blockchainforfood
262,"Technological innovations in water desalination and wastewater treatment enable access to clean water in water-stressed regions, alleviate water scarcity, and support sustainable development goals related to water and sanitation. #waterdesalination #wastewatertreatment #sustainabledevelopmentgoals",English,110,65,@waterexpert
263,"Pengembangan teknologi bioplastik dari bahan baku terbarukan, seperti pati jagung dan limbah pertanian, dapat mengurangi ketergantungan pada plastik fosil, mengurangi polusi plastik, dan mendukung sirkularitas ekonomi yang berkelanjutan. #teknologibioplastik #bahanbakuterbarukan #plastikfosil",Indonesian,95,50,@bioplastikinovatif
264,"The integration of energy-efficient appliances and building automation systems optimizes energy use, reduces operational costs, and enhances occupant comfort and productivity in residential and commercial buildings, contributing to sustainable urban development. #energyefficientappliances #buildingautomation #sustainabledevelopment",English,110,65,@energyefficientexpert
265,"Teknologi biomimikri mengambil inspirasi dari alam untuk merancang produk dan sistem inovatif, seperti material super-hidrofobik dan struktur self-healing, yang memiliki potensi untuk mengurangi konsumsi sumber daya dan dampak lingkungan dalam industri. #teknologibiomimikri #materialinovatif #inspirasialam",Indonesian,95,50,@teknologihijau
266,"The implementation of green infrastructure solutions, such as green roofs and permeable pavements, helps manage stormwater runoff, mitigate urban heat islands, and enhance biodiversity in urban environments, promoting climate resilience and ecological sustainability. #greeninfrastructure #stormwaterrunoff #urbanbiodiversity",English,110,65,@greeninfrastructureexpert
267,"Inovasi dalam teknologi pengolahan limbah plastik, seperti teknologi pirolisis dan daur ulang kimia, dapat mengurangi pencemaran lingkungan oleh limbah plastik, mendaur ulang plastik bekas, dan mengurangi ketergantungan pada bahan baku fosil. #teknologipengolahanplastik #teknologipirolisis #daurulangkimia",Indonesian,95,50,@teknologilingkungan
268,"Digitalization of energy systems, coupled with smart grid technologies and demand-side management, enables efficient energy distribution, integration of renewable energy sources, and optimization of energy use, contributing to energy sustainability and resilience. #digitalization #smartgrid #demandmanagement",English,110,65,@digitalizationexpert
269,"Teknologi rekayasa genetika tanaman, seperti teknik genome editing dan penambahan gen, dapat meningkatkan produktivitas, ketahanan, dan nilai gizi tanaman pangan, sehingga mendukung ketahanan pangan global dan mengurangi tekanan terhadap sumber daya alam. #teknologirekayasagenetika #genomeediting #ketahananpangan",Indonesian,95,50,@teknologipertanian
270,"The deployment of microgrid systems in remote and off-grid areas facilitates access to reliable electricity, improves energy resilience, and supports community development initiatives, particularly in regions with limited access to centralized power grids. #microgridsystems #offgrid #energyresilience",English,110,65,@microgridexpert
271,"Teknologi pencitraan satelit dan analisis citra udara memungkinkan pemantauan perubahan lahan, pengelolaan hutan, dan pemantauan kebakaran hutan, yang berkontribusi pada pengelolaan sumber daya alam dan mitigasi perubahan iklim. #pencitraansatelit #analisisimage #perubahanlahan",Indonesian,95,50,@teknologipinggiran
272,"The integration of renewable energy microgrids with battery storage systems and demand response mechanisms enhances energy reliability, resilience, and efficiency in remote and island communities, reducing dependence on fossil fuels and diesel generators. #renewableenergymicrogrids #batterystorage #demandresponse",English,110,65,@cleanenergyexpert
273,"Teknologi pemantauan lingkungan, seperti sensor udara dan sistem GIS, dapat menghasilkan data spasial berkualitas tinggi untuk pemetaan dan pemantauan polusi udara, kebakaran hutan, dan perubahan lingkungan, yang mendukung pengambilan keputusan berkelanjutan. #pemantauanlingkungan #sensordatalingkungan #sistemGIS",Indonesian,95,50,@teknologilingkungan
274,"Penggunaan teknologi hibrida dalam kendaraan bermotor, seperti sistem propulsi hybrid dan mobil listrik plug-in, dapat mengurangi emisi gas rumah kaca dan meningkatkan efisiensi bahan bakar, menjaga keseimbangan antara mobilitas dan lingkungan. #teknologihybrid #mobillistrik #emisigasrumahkaca",Indonesian,95,50,@hibridamobil
275,"The convergence of biotechnology and nanotechnology offers innovative solutions for environmental monitoring, pollution remediation, and sustainable agriculture, leveraging the unique properties of biological and nanomaterials for enhanced performance. #biotechnology #nanotechnology #innovation",English,110,65,@biotechexpert
276,"Teknologi pemurnian air dan filtrasi mikroplastik dapat membantu mengatasi kontaminasi plastik di lingkungan air, melindungi ekosistem akuatik dan kesehatan manusia dari dampak negatif akumulasi mikroplastik. #teknologipemurnianair #filtrasimikroplastik #kontaminasiplastik",Indonesian,95,50,@teknologilingkungan
277,"The integration of blockchain technology and smart contracts enables transparent and secure transactions in carbon markets, facilitating carbon trading and offsetting initiatives to incentivize emission reductions and promote climate action. #blockchain #smartcontracts #carbonmarkets",English,110,65,@blockchain4climate
278,"Teknologi fotovoltaik tercetak menggunakan metode cetak roll-to-roll dan bahan hemat biaya untuk produksi panel surya, memungkinkan skalabilitas massal dan pengurangan biaya implementasi energi surya di seluruh dunia. #teknologisolar #panelphotovoltaic #cetakrolltoroll",Indonesian,95,50,@solarenergyexpert
279,"Carbon footprint calculators and sustainability analytics platforms provide businesses with tools to measure, track, and reduce their environmental impact, fostering corporate responsibility and driving towards sustainability goals. #carbonfootprint #sustainabilityanalytics #corporateresponsibility",English,110,65,@sustainabilitymetrics
280,"Inovasi dalam teknologi energi nuklir, seperti reaktor generasi IV dan fusi nuklir, menjanjikan sumber energi bersih, berkelanjutan, dan potensial untuk memenuhi kebutuhan energi global dalam mengatasi perubahan iklim. #teknologinuklir #reaktorgenerasiIV #fusinuklir",Indonesian,95,50,@energinuklir
281,"Renewable energy microgrids combined with blockchain-based energy trading platforms enable decentralized energy exchange, empowering communities to trade surplus energy, optimize consumption, and support renewable energy integration. #renewableenergymicrogrids #energytrading #blockchain",English,110,65,@renewableenergygrid
282,"Penggunaan teknologi GPS dan sensor suhu tanah dalam pertanian presisi memungkinkan pengelolaan tanaman yang tepat waktu dan presisi, meningkatkan produktivitas tanaman, mengoptimalkan penggunaan air, dan mengurangi dampak lingkungan. #teknologiGPS #pertanianpresisi #sensor",Indonesian,95,50,@precisionagriculture
283,"The application of artificial intelligence in climate modeling and forecasting enhances our understanding of complex climate systems, improves the accuracy of predictions, and supports informed decision-making for climate adaptation and mitigation strategies. #artificialintelligence #climatemodeling #climateforecasting",English,110,65,@climateai
284,"Teknologi baterai lithium-air menjanjikan kapasitas energi yang tinggi dan biaya produksi rendah, memungkinkan pengembangan penyimpanan energi yang lebih efisien dan berkelanjutan untuk mendukung integrasi energi terbarukan. #teknologilithiumair #baterailithium #energiterbarukan",Indonesian,95,50,@energibaterai
285,"The utilization of satellite remote sensing technology and machine learning algorithms enables rapid detection and monitoring of deforestation, facilitating timely interventions and forest conservation efforts to preserve biodiversity and mitigate climate change impacts. #satelliteremotesensing #machinelearning #deforestationmonitoring",English,110,65,@remotesensingexpert
286,"Inovasi dalam teknologi energi geothermal memungkinkan eksploitasi sumber daya panas bumi untuk pembangkit listrik dan pemanas rumah tangga, menyediakan sumber energi bersih dan berkelanjutan yang dapat mengurangi ketergantungan pada bahan bakar fosil. #teknologigeothermal #energipanasbumi #pembangkitlistrik",Indonesian,95,50,@energigeothermal
287,"Smart agriculture solutions leveraging IoT sensors, drones, and data analytics optimize agricultural practices, improve crop yields, and reduce resource inputs, contributing to food security, environmental sustainability, and economic resilience. #smartagriculture #IoT #agriculturalanalytics",English,110,65,@smartagricultureexpert
288,"Pengembangan teknologi energi laut, seperti pembangkit listrik ombak dan turbin arus laut, menawarkan potensi besar untuk memanfaatkan sumber energi terbarukan yang tak terbatas, mendukung diversifikasi energi dan mengurangi emisi karbon. #teknologienergilaut #energiombak #turbinarus",Indonesian,95,50,@energilaut
289,"The integration of circular economy principles into product design and manufacturing processes promotes resource efficiency, waste reduction, and materials recycling, fostering a sustainable economic model that minimizes environmental impact and maximizes resource utilization. #circulareconomy #productdesign #manufacturing",English,110,65,@circularthinking
290,"Inovasi dalam teknologi hidrogen hijau memungkinkan produksi energi yang bersih dan berkelanjutan melalui elektrolisis air menggunakan energi terbarukan, membuka peluang untuk penyimpanan energi dan bahan bakar transportasi ramah lingkungan. #teknologihidrogen #hidrogenhijau #elektrolisisair",Indonesian,95,50,@energihijau
291,"Blockchain-based carbon offset platforms enable transparent and verifiable carbon offset transactions, facilitating investment in carbon sequestration projects and emissions reduction initiatives to mitigate climate change impacts and support sustainable development goals. #blockchaincarbonoffset #carbonsequestration #sustainabledevelopment",English,110,65,@carbonoffsetplatform
292,"Penggunaan teknologi penginderaan jauh dan analisis citra satelit memungkinkan pemantauan lahan pertanian secara luas, identifikasi pola irigasi, dan pengelolaan sumber daya air yang efisien. #teknologipenginderaanjauh #analisisgambar #pengelolaanair",Indonesian,85,50,@teknologipertanian
293,"The development of bio-inspired materials, such as self-healing polymers and nanocomposites, offers innovative solutions for sustainable construction, durable infrastructure, and environmental remediation. #bioinspiredmaterials #selfhealingpolymers #nanocomposites",English,110,65,@biomaterialsexpert
294,"Inovasi dalam teknologi biogas dari limbah organik dapat membantu mengurangi emisi gas rumah kaca, memperbaiki kualitas tanah, dan menyediakan sumber energi terbarukan yang bersih dan berkelanjutan. #teknologibiogas #limbahorganik #energiterbarukan",Indonesian,95,50,@biogasexpert
295,"The integration of Internet of Things (IoT) devices with smart agricultural systems enables precision farming practices, real-time monitoring of crop health, and optimized resource utilization for sustainable agriculture. #InternetofThings #precisionfarming #smartagriculture",English,110,65,@IoTexpert
296,"Pengembangan teknologi pemulihan lahan tambang bekas, seperti teknik revegetasi dan penggunaan tanaman penutup tanah, dapat mengembalikan keanekaragaman hayati dan fungsi ekosistem di area pertambangan yang terganggu. #teknologipemulihanlahan #revegetasi #tanamanpenutuptanah",Indonesian,95,50,@teknologilahan
297,"Smart irrigation systems utilizing weather data and soil moisture sensors optimize water use efficiency, reduce water waste, and support sustainable crop production in agriculture and landscaping applications. #smartirrigation #weatherdata #soilmoisturesensors",English,110,65,@smartirrigationexpert
298,"Inovasi dalam teknologi energi gelombang laut, seperti konversi energi ombak menjadi listrik, menawarkan potensi besar untuk menghasilkan energi terbarukan yang dapat diandalkan dan berkelanjutan di wilayah pesisir dan pulau-pulau. #teknologienergigelombanglaut #konversienergiombak #energiterbarukan",Indonesian,95,50,@energiterbarukan
299,"The implementation of carbon capture and utilization (CCU) technologies enables the conversion of CO2 emissions into valuable products, such as fuels, chemicals, and building materials, contributing to carbon neutrality and circular economy principles. #carboncapture #CO2utilization #circular economy",English,110,65,@carboncaptureexpert
300,"Teknologi sensor lingkungan yang terintegrasi dengan sistem monitoring online memungkinkan pengawasan kontinu terhadap kualitas udara, air, dan tanah, serta deteksi dini polusi lingkungan untuk tindakan mitigasi yang cepat dan tepat. #teknologisensorlingkungan #monitoringonline #deteksipolusi",Indonesian,95,50,@teknologilingkungan
301,"The development of urban green spaces and eco-friendly infrastructure promotes biodiversity conservation, mitigates urban heat islands, and improves air quality, contributing to healthier and more sustainable cities. #urbangreenspaces #ecofriendlyinfrastructure #biodiversityconservation",English,110,65,@urbangreenexpert
302,"Teknologi desalinasi membran berbasis nanomaterial dan proses osmosis terbalik dapat menghasilkan air bersih dari air laut dengan efisien, mengatasi kekurangan air dan meningkatkan ketahanan air di daerah pesisir dan pulau-pulau. #teknologidesalinasi #membrannanomaterial #osmosisterbalik",Indonesian,95,50,@teknologipengolahanair
303,"Integrating renewable energy microgrids with blockchain-based energy trading platforms enables peer-to-peer energy transactions, grid stability, and incentivizes renewable energy adoption, fostering energy democracy and decentralization. #renewableenergymicrogrids #blockchainenergytrading #energydemocracy",English,110,65,@blockchainenergy
304,"Penggunaan teknologi analisis citra drone dan machine learning dalam pemantauan hutan dapat mendeteksi perubahan tutupan lahan, kebakaran hutan, dan aktivitas ilegal, memfasilitasi pengelolaan hutan yang berkelanjutan dan tindakan konservasi. #teknologidrone #machinelearning #pengelolaanhutan",Indonesian,95,50,@teknologihutan
305,"The advancement of hydrogen fuel cell technology holds promise for zero-emission transportation and decentralized energy production, offering a clean and versatile energy solution for various applications, including vehicles, buildings, and portable devices. #hydrogenfuelcell #zeroemission #decentralizedenergy",English,110,65,@hydrogenfuelcell
306,"Inovasi dalam teknologi peningkatan produktivitas lahan pertanian, seperti sistem hidroponik dan aeroponik, dapat meningkatkan hasil panen, mengurangi penggunaan air dan pestisida, serta memperbaiki kualitas dan keberlanjutan pertanian. #teknologipertanian #hidroponik #aeroponik",Indonesian,95,50,@pertanianinovatif
307,"The adoption of energy-efficient building designs and passive cooling strategies, such as natural ventilation and shading, reduces energy consumption, enhances thermal comfort, and minimizes environmental impact in hot and humid climates. #energyefficientbuilding #passivecooling #naturalventilation",English,110,65,@greenbuildingexpert
308,"Teknologi konservasi air, seperti pengumpulan air hujan dan sistem daur ulang air, dapat mengurangi konsumsi air potabel, mengurangi tekanan pada sumber daya air, dan meningkatkan ketahanan terhadap kekeringan di lingkungan perkotaan dan pedesaan. #teknologikonservasiair #airhujan #daurulangair",Indonesian,95,50,@teknologiperkotaan
